Name,Bin.Center,Freq.Dist
Cocitation Network,0.005,16.15882807
Cocitation Network,0.015,13.48342474
Cocitation Network,0.025,9.713538229
Cocitation Network,0.035,7.619379073
Cocitation Network,0.045,6.00605646
Cocitation Network,0.055,5.016381245
Cocitation Network,0.065,4.303127038
Cocitation Network,0.075,3.675479336
Cocitation Network,0.085,3.174641273
Cocitation Network,0.095,2.732607678
Cocitation Network,0.105,2.423784208
Cocitation Network,0.115,2.22776931
Cocitation Network,0.125,1.994551586
Cocitation Network,0.135,1.745332645
Cocitation Network,0.145,1.631724011
Cocitation Network,0.155,1.450110208
Cocitation Network,0.165,1.274896892
Cocitation Network,0.175,1.190890508
Cocitation Network,0.185,1.094483181
Cocitation Network,0.195,0.98447482
Cocitation Network,0.205,0.922070077
Cocitation Network,0.215,0.874466459
Cocitation Network,0.225,0.772458707
Cocitation Network,0.235,0.707253751
Cocitation Network,0.245,0.650849465
Cocitation Network,0.255,0.610046364
Cocitation Network,0.265,0.558442442
Cocitation Network,0.275,0.555242198
Cocitation Network,0.285,0.49683776
Cocitation Network,0.295,0.471635844
Cocitation Network,0.305,0.40723095
Cocitation Network,0.315,0.386829399
Cocitation Network,0.325,0.361227453
Cocitation Network,0.335,0.32802493
Cocitation Network,0.345,0.332425264
Cocitation Network,0.355,0.28882195
Cocitation Network,0.365,0.28842192
Cocitation Network,0.375,0.254019305
Cocitation Network,0.385,0.223216964
Cocitation Network,0.395,0.208015809
Cocitation Network,0.405,0.197214988
Cocitation Network,0.415,0.186814198
Cocitation Network,0.425,0.160812222
Cocitation Network,0.435,0.141210732
Cocitation Network,0.445,0.141210732
Cocitation Network,0.455,0.140410671
Cocitation Network,0.465,0.132010033
Cocitation Network,0.475,0.114408695
Cocitation Network,0.485,0.084406415
Cocitation Network,0.495,0.100807661
Cocitation Network,0.505,0.090806901
Cocitation Network,0.515,0.082806293
Cocitation Network,0.525,0.086406567
Cocitation Network,0.535,0.076805837
Cocitation Network,0.545,0.073605594
Cocitation Network,0.555,0.064804925
Cocitation Network,0.565,0.061604682
Cocitation Network,0.575,0.048403679
Cocitation Network,0.585,0.046403527
Cocitation Network,0.595,0.044403375
Cocitation Network,0.605,0.037202827
Cocitation Network,0.615,0.036002736
Cocitation Network,0.625,0.032002432
Cocitation Network,0.635,0.031202371
Cocitation Network,0.645,0.026802037
Cocitation Network,0.655,0.020801581
Cocitation Network,0.665,0.017201307
Cocitation Network,0.675,0.017201307
Cocitation Network,0.685,0.016801277
Cocitation Network,0.695,0.013601034
Cocitation Network,0.705,0.012800973
Cocitation Network,0.715,0.00960073
Cocitation Network,0.725,0.008400638
Cocitation Network,0.735,0.007600578
Cocitation Network,0.745,0.009200699
Cocitation Network,0.755,0.006800517
Cocitation Network,0.765,0.003200243
Cocitation Network,0.775,0.005200395
Cocitation Network,0.785,0.001200091
Cocitation Network,0.795,0.003200243
Cocitation Network,0.805,0.002400182
Cocitation Network,0.815,0.002800213
Cocitation Network,0.825,0.001200091
Cocitation Network,0.835,0.000800061
Cocitation Network,0.845,0.00040003
Cocitation Network,0.865,0.000800061
Cocitation Network,0.885,0.00040003
Cocitation Network,0.895,0.00040003
Cocitation Network,0.915,0.00040003
JOURNAL OF NEUROSCIENCE,0.005,48.6253268
JOURNAL OF NEUROSCIENCE,0.015,25.31850119
JOURNAL OF NEUROSCIENCE,0.025,11.06751705
JOURNAL OF NEUROSCIENCE,0.035,5.571342532
JOURNAL OF NEUROSCIENCE,0.045,3.13132352
JOURNAL OF NEUROSCIENCE,0.055,1.899875863
JOURNAL OF NEUROSCIENCE,0.065,1.213100059
JOURNAL OF NEUROSCIENCE,0.075,0.820711159
JOURNAL OF NEUROSCIENCE,0.085,0.564733587
JOURNAL OF NEUROSCIENCE,0.095,0.404578308
JOURNAL OF NEUROSCIENCE,0.105,0.291212579
JOURNAL OF NEUROSCIENCE,0.115,0.219113077
JOURNAL OF NEUROSCIENCE,0.125,0.164006794
JOURNAL OF NEUROSCIENCE,0.135,0.12627465
JOURNAL OF NEUROSCIENCE,0.145,0.100795401
JOURNAL OF NEUROSCIENCE,0.155,0.082807559
JOURNAL OF NEUROSCIENCE,0.165,0.062682339
JOURNAL OF NEUROSCIENCE,0.175,0.050958498
JOURNAL OF NEUROSCIENCE,0.185,0.042514793
JOURNAL OF NEUROSCIENCE,0.195,0.034727116
JOURNAL OF NEUROSCIENCE,0.205,0.027510817
JOURNAL OF NEUROSCIENCE,0.215,0.023384194
JOURNAL OF NEUROSCIENCE,0.225,0.020379167
JOURNAL OF NEUROSCIENCE,0.235,0.017226004
JOURNAL OF NEUROSCIENCE,0.245,0.014580733
JOURNAL OF NEUROSCIENCE,0.255,0.013861219
JOURNAL OF NEUROSCIENCE,0.265,0.010708056
JOURNAL OF NEUROSCIENCE,0.275,0.010115516
JOURNAL OF NEUROSCIENCE,0.285,0.008930434
JOURNAL OF NEUROSCIENCE,0.295,0.007237461
JOURNAL OF NEUROSCIENCE,0.305,0.006221677
JOURNAL OF NEUROSCIENCE,0.315,0.006031218
JOURNAL OF NEUROSCIENCE,0.325,0.004719163
JOURNAL OF NEUROSCIENCE,0.335,0.004253596
JOURNAL OF NEUROSCIENCE,0.345,0.003957325
JOURNAL OF NEUROSCIENCE,0.355,0.003343622
JOURNAL OF NEUROSCIENCE,0.365,0.003089676
JOURNAL OF NEUROSCIENCE,0.375,0.003047352
JOURNAL OF NEUROSCIENCE,0.385,0.002602947
JOURNAL OF NEUROSCIENCE,0.395,0.001904595
JOURNAL OF NEUROSCIENCE,0.405,0.001671811
JOURNAL OF NEUROSCIENCE,0.415,0.001354379
JOURNAL OF NEUROSCIENCE,0.425,0.001333217
JOURNAL OF NEUROSCIENCE,0.435,0.001396703
JOURNAL OF NEUROSCIENCE,0.445,0.000952298
JOURNAL OF NEUROSCIENCE,0.455,0.000804162
JOURNAL OF NEUROSCIENCE,0.465,0.001058108
JOURNAL OF NEUROSCIENCE,0.475,0.000740676
JOURNAL OF NEUROSCIENCE,0.485,0.000592541
JOURNAL OF NEUROSCIENCE,0.495,0.000507892
JOURNAL OF NEUROSCIENCE,0.505,0.000338595
JOURNAL OF NEUROSCIENCE,0.515,0.000359757
JOURNAL OF NEUROSCIENCE,0.525,0.000571379
JOURNAL OF NEUROSCIENCE,0.535,0.000253946
JOURNAL OF NEUROSCIENCE,0.545,0.000423243
JOURNAL OF NEUROSCIENCE,0.555,0.000402081
JOURNAL OF NEUROSCIENCE,0.565,0.000211622
JOURNAL OF NEUROSCIENCE,0.575,0.00029627
JOURNAL OF NEUROSCIENCE,0.585,0.00029627
JOURNAL OF NEUROSCIENCE,0.595,0.000169297
JOURNAL OF NEUROSCIENCE,0.605,0.000232784
JOURNAL OF NEUROSCIENCE,0.615,6.35E-05
JOURNAL OF NEUROSCIENCE,0.625,0.000126973
JOURNAL OF NEUROSCIENCE,0.635,0.000126973
JOURNAL OF NEUROSCIENCE,0.645,4.23E-05
JOURNAL OF NEUROSCIENCE,0.655,6.35E-05
JOURNAL OF NEUROSCIENCE,0.665,8.46E-05
JOURNAL OF NEUROSCIENCE,0.675,4.23E-05
JOURNAL OF NEUROSCIENCE,0.685,2.12E-05
JOURNAL OF NEUROSCIENCE,0.695,2.12E-05
JOURNAL OF NEUROSCIENCE,0.705,2.12E-05
JOURNAL OF NEUROSCIENCE,0.715,2.12E-05
JOURNAL OF NEUROSCIENCE,0.725,2.12E-05
JOURNAL OF NEUROSCIENCE,0.735,4.23E-05
JOURNAL OF NEUROSCIENCE,0.745,2.12E-05
JOURNAL OF NEUROSCIENCE,0.775,2.12E-05
JOURNAL OF NEUROSCIENCE,0.795,2.12E-05
JOURNAL OF NEUROSCIENCE,0.815,2.12E-05
JOURNAL OF NEUROSCIENCE,0.835,2.12E-05
JOURNAL OF NEUROSCIENCE,0.865,2.12E-05
NATURE,0.0025,93.84980053
NATURE,0.0075,50.83226633
NATURE,0.0125,23.47805843
NATURE,0.0175,11.41786859
NATURE,0.0225,6.060253331
NATURE,0.0275,3.761864954
NATURE,0.0325,2.359763389
NATURE,0.0375,1.716383954
NATURE,0.0425,1.225383858
NATURE,0.0475,0.887821293
NATURE,0.0525,0.686765219
NATURE,0.0575,0.520629411
NATURE,0.0625,0.423275944
NATURE,0.0675,0.351319034
NATURE,0.0725,0.259256516
NATURE,0.0775,0.247616427
NATURE,0.0825,0.220103491
NATURE,0.0875,0.169310378
NATURE,0.0925,0.129099163
NATURE,0.0975,0.129099163
NATURE,0.1025,0.096295277
NATURE,0.1075,0.095237087
NATURE,0.1125,0.085713379
NATURE,0.1175,0.071956911
NATURE,0.1225,0.0730151
NATURE,0.1275,0.061375012
NATURE,0.1325,0.052909493
NATURE,0.1375,0.044443974
NATURE,0.1425,0.055025873
NATURE,0.1475,0.040211215
NATURE,0.1525,0.029629316
NATURE,0.1575,0.035978455
NATURE,0.1625,0.042327594
NATURE,0.1675,0.022221987
NATURE,0.1725,0.029629316
NATURE,0.1775,0.030687506
NATURE,0.1825,0.022221987
NATURE,0.1875,0.023280177
NATURE,0.1925,0.016931038
NATURE,0.1975,0.019047417
NATURE,0.2025,0.022221987
NATURE,0.2075,0.023280177
NATURE,0.2125,0.025396557
NATURE,0.2175,0.014814658
NATURE,0.2225,0.011640088
NATURE,0.2275,0.015872848
NATURE,0.2325,0.014814658
NATURE,0.2375,0.012698278
NATURE,0.2425,0.008465519
NATURE,0.2475,0.006349139
NATURE,0.2525,0.010581899
NATURE,0.2575,0.008465519
NATURE,0.2625,0.008465519
NATURE,0.2675,0.006349139
NATURE,0.2725,0.008465519
NATURE,0.2775,0.00317457
NATURE,0.2825,0.008465519
NATURE,0.2875,0.008465519
NATURE,0.2925,0.004232759
NATURE,0.2975,0.00211638
NATURE,0.3025,0.00211638
NATURE,0.3075,0.00317457
NATURE,0.3125,0.008465519
NATURE,0.3175,0.009523709
NATURE,0.3225,0.004232759
NATURE,0.3275,0.005290949
NATURE,0.3325,0.005290949
NATURE,0.3375,0.005290949
NATURE,0.3425,0.008465519
NATURE,0.3475,0.00317457
NATURE,0.3525,0.00317457
NATURE,0.3575,0.005290949
NATURE,0.3625,0.00211638
NATURE,0.3675,0.00211638
NATURE,0.3775,0.00105819
NATURE,0.3825,0.00211638
NATURE,0.3925,0.004232759
NATURE,0.3975,0.00211638
NATURE,0.4025,0.00105819
NATURE,0.4125,0.00105819
NATURE,0.4175,0.00211638
NATURE,0.4225,0.004232759
NATURE,0.4275,0.00105819
NATURE,0.4375,0.00105819
NATURE,0.4475,0.00317457
NATURE,0.4525,0.00105819
NATURE,0.4625,0.00211638
NATURE,0.4725,0.00105819
NATURE,0.4825,0.00211638
NATURE,0.5175,0.00211638
NATURE,0.5525,0.00105819
NATURE,0.5875,0.00105819
PROCEEDINGS OF THE NATIONAL ACADEMY OF SCIENCES OF THE UNITED STATES OF AMERICA,0.005,71.51890233
PROCEEDINGS OF THE NATIONAL ACADEMY OF SCIENCES OF THE UNITED STATES OF AMERICA,0.015,18.72276857
PROCEEDINGS OF THE NATIONAL ACADEMY OF SCIENCES OF THE UNITED STATES OF AMERICA,0.025,5.374617209
PROCEEDINGS OF THE NATIONAL ACADEMY OF SCIENCES OF THE UNITED STATES OF AMERICA,0.035,2.040591999
PROCEEDINGS OF THE NATIONAL ACADEMY OF SCIENCES OF THE UNITED STATES OF AMERICA,0.045,0.937855509
PROCEEDINGS OF THE NATIONAL ACADEMY OF SCIENCES OF THE UNITED STATES OF AMERICA,0.055,0.494563558
PROCEEDINGS OF THE NATIONAL ACADEMY OF SCIENCES OF THE UNITED STATES OF AMERICA,0.065,0.283676788
PROCEEDINGS OF THE NATIONAL ACADEMY OF SCIENCES OF THE UNITED STATES OF AMERICA,0.075,0.176735688
PROCEEDINGS OF THE NATIONAL ACADEMY OF SCIENCES OF THE UNITED STATES OF AMERICA,0.085,0.11548284
PROCEEDINGS OF THE NATIONAL ACADEMY OF SCIENCES OF THE UNITED STATES OF AMERICA,0.095,0.079982226
PROCEEDINGS OF THE NATIONAL ACADEMY OF SCIENCES OF THE UNITED STATES OF AMERICA,0.105,0.055733
PROCEEDINGS OF THE NATIONAL ACADEMY OF SCIENCES OF THE UNITED STATES OF AMERICA,0.115,0.039771484
PROCEEDINGS OF THE NATIONAL ACADEMY OF SCIENCES OF THE UNITED STATES OF AMERICA,0.125,0.030774608
PROCEEDINGS OF THE NATIONAL ACADEMY OF SCIENCES OF THE UNITED STATES OF AMERICA,0.135,0.02307434
PROCEEDINGS OF THE NATIONAL ACADEMY OF SCIENCES OF THE UNITED STATES OF AMERICA,0.145,0.018067844
PROCEEDINGS OF THE NATIONAL ACADEMY OF SCIENCES OF THE UNITED STATES OF AMERICA,0.155,0.014225648
PROCEEDINGS OF THE NATIONAL ACADEMY OF SCIENCES OF THE UNITED STATES OF AMERICA,0.165,0.011584801
PROCEEDINGS OF THE NATIONAL ACADEMY OF SCIENCES OF THE UNITED STATES OF AMERICA,0.175,0.00944672
PROCEEDINGS OF THE NATIONAL ACADEMY OF SCIENCES OF THE UNITED STATES OF AMERICA,0.185,0.007710852
PROCEEDINGS OF THE NATIONAL ACADEMY OF SCIENCES OF THE UNITED STATES OF AMERICA,0.195,0.00643012
PROCEEDINGS OF THE NATIONAL ACADEMY OF SCIENCES OF THE UNITED STATES OF AMERICA,0.205,0.005001205
PROCEEDINGS OF THE NATIONAL ACADEMY OF SCIENCES OF THE UNITED STATES OF AMERICA,0.215,0.004471977
PROCEEDINGS OF THE NATIONAL ACADEMY OF SCIENCES OF THE UNITED STATES OF AMERICA,0.225,0.003619919
PROCEEDINGS OF THE NATIONAL ACADEMY OF SCIENCES OF THE UNITED STATES OF AMERICA,0.235,0.003307675
PROCEEDINGS OF THE NATIONAL ACADEMY OF SCIENCES OF THE UNITED STATES OF AMERICA,0.245,0.002587925
PROCEEDINGS OF THE NATIONAL ACADEMY OF SCIENCES OF THE UNITED STATES OF AMERICA,0.255,0.002270388
PROCEEDINGS OF THE NATIONAL ACADEMY OF SCIENCES OF THE UNITED STATES OF AMERICA,0.265,0.001979313
PROCEEDINGS OF THE NATIONAL ACADEMY OF SCIENCES OF THE UNITED STATES OF AMERICA,0.275,0.001651191
PROCEEDINGS OF THE NATIONAL ACADEMY OF SCIENCES OF THE UNITED STATES OF AMERICA,0.285,0.001550638
PROCEEDINGS OF THE NATIONAL ACADEMY OF SCIENCES OF THE UNITED STATES OF AMERICA,0.295,0.001291316
PROCEEDINGS OF THE NATIONAL ACADEMY OF SCIENCES OF THE UNITED STATES OF AMERICA,0.305,0.001375993
PROCEEDINGS OF THE NATIONAL ACADEMY OF SCIENCES OF THE UNITED STATES OF AMERICA,0.315,0.001058456
PROCEEDINGS OF THE NATIONAL ACADEMY OF SCIENCES OF THE UNITED STATES OF AMERICA,0.325,0.000883811
PROCEEDINGS OF THE NATIONAL ACADEMY OF SCIENCES OF THE UNITED STATES OF AMERICA,0.335,0.000825596
PROCEEDINGS OF THE NATIONAL ACADEMY OF SCIENCES OF THE UNITED STATES OF AMERICA,0.345,0.00078855
PROCEEDINGS OF THE NATIONAL ACADEMY OF SCIENCES OF THE UNITED STATES OF AMERICA,0.355,0.000566274
PROCEEDINGS OF THE NATIONAL ACADEMY OF SCIENCES OF THE UNITED STATES OF AMERICA,0.365,0.000582151
PROCEEDINGS OF THE NATIONAL ACADEMY OF SCIENCES OF THE UNITED STATES OF AMERICA,0.375,0.000523936
PROCEEDINGS OF THE NATIONAL ACADEMY OF SCIENCES OF THE UNITED STATES OF AMERICA,0.385,0.000502767
PROCEEDINGS OF THE NATIONAL ACADEMY OF SCIENCES OF THE UNITED STATES OF AMERICA,0.395,0.000375752
PROCEEDINGS OF THE NATIONAL ACADEMY OF SCIENCES OF THE UNITED STATES OF AMERICA,0.405,0.000386336
PROCEEDINGS OF THE NATIONAL ACADEMY OF SCIENCES OF THE UNITED STATES OF AMERICA,0.415,0.000254029
PROCEEDINGS OF THE NATIONAL ACADEMY OF SCIENCES OF THE UNITED STATES OF AMERICA,0.425,0.000264614
PROCEEDINGS OF THE NATIONAL ACADEMY OF SCIENCES OF THE UNITED STATES OF AMERICA,0.435,0.000222276
PROCEEDINGS OF THE NATIONAL ACADEMY OF SCIENCES OF THE UNITED STATES OF AMERICA,0.445,0.000190522
PROCEEDINGS OF THE NATIONAL ACADEMY OF SCIENCES OF THE UNITED STATES OF AMERICA,0.455,0.000100553
PROCEEDINGS OF THE NATIONAL ACADEMY OF SCIENCES OF THE UNITED STATES OF AMERICA,0.465,0.000179938
PROCEEDINGS OF THE NATIONAL ACADEMY OF SCIENCES OF THE UNITED STATES OF AMERICA,0.475,0.000164061
PROCEEDINGS OF THE NATIONAL ACADEMY OF SCIENCES OF THE UNITED STATES OF AMERICA,0.485,9.53E-05
PROCEEDINGS OF THE NATIONAL ACADEMY OF SCIENCES OF THE UNITED STATES OF AMERICA,0.495,6.35E-05
PROCEEDINGS OF THE NATIONAL ACADEMY OF SCIENCES OF THE UNITED STATES OF AMERICA,0.505,7.41E-05
PROCEEDINGS OF THE NATIONAL ACADEMY OF SCIENCES OF THE UNITED STATES OF AMERICA,0.515,5.29E-05
PROCEEDINGS OF THE NATIONAL ACADEMY OF SCIENCES OF THE UNITED STATES OF AMERICA,0.525,0.000100553
PROCEEDINGS OF THE NATIONAL ACADEMY OF SCIENCES OF THE UNITED STATES OF AMERICA,0.535,4.76E-05
PROCEEDINGS OF THE NATIONAL ACADEMY OF SCIENCES OF THE UNITED STATES OF AMERICA,0.545,8.47E-05
PROCEEDINGS OF THE NATIONAL ACADEMY OF SCIENCES OF THE UNITED STATES OF AMERICA,0.555,6.88E-05
PROCEEDINGS OF THE NATIONAL ACADEMY OF SCIENCES OF THE UNITED STATES OF AMERICA,0.565,6.88E-05
PROCEEDINGS OF THE NATIONAL ACADEMY OF SCIENCES OF THE UNITED STATES OF AMERICA,0.575,3.18E-05
PROCEEDINGS OF THE NATIONAL ACADEMY OF SCIENCES OF THE UNITED STATES OF AMERICA,0.585,4.76E-05
PROCEEDINGS OF THE NATIONAL ACADEMY OF SCIENCES OF THE UNITED STATES OF AMERICA,0.595,3.18E-05
PROCEEDINGS OF THE NATIONAL ACADEMY OF SCIENCES OF THE UNITED STATES OF AMERICA,0.605,4.23E-05
PROCEEDINGS OF THE NATIONAL ACADEMY OF SCIENCES OF THE UNITED STATES OF AMERICA,0.615,3.18E-05
PROCEEDINGS OF THE NATIONAL ACADEMY OF SCIENCES OF THE UNITED STATES OF AMERICA,0.625,1.06E-05
PROCEEDINGS OF THE NATIONAL ACADEMY OF SCIENCES OF THE UNITED STATES OF AMERICA,0.635,2.12E-05
PROCEEDINGS OF THE NATIONAL ACADEMY OF SCIENCES OF THE UNITED STATES OF AMERICA,0.645,1.59E-05
PROCEEDINGS OF THE NATIONAL ACADEMY OF SCIENCES OF THE UNITED STATES OF AMERICA,0.655,5.29E-06
PROCEEDINGS OF THE NATIONAL ACADEMY OF SCIENCES OF THE UNITED STATES OF AMERICA,0.665,1.59E-05
PROCEEDINGS OF THE NATIONAL ACADEMY OF SCIENCES OF THE UNITED STATES OF AMERICA,0.675,2.12E-05
PROCEEDINGS OF THE NATIONAL ACADEMY OF SCIENCES OF THE UNITED STATES OF AMERICA,0.685,5.29E-06
PROCEEDINGS OF THE NATIONAL ACADEMY OF SCIENCES OF THE UNITED STATES OF AMERICA,0.695,5.29E-06
PROCEEDINGS OF THE NATIONAL ACADEMY OF SCIENCES OF THE UNITED STATES OF AMERICA,0.705,1.59E-05
PROCEEDINGS OF THE NATIONAL ACADEMY OF SCIENCES OF THE UNITED STATES OF AMERICA,0.715,5.29E-06
PROCEEDINGS OF THE NATIONAL ACADEMY OF SCIENCES OF THE UNITED STATES OF AMERICA,0.735,1.59E-05
PROCEEDINGS OF THE NATIONAL ACADEMY OF SCIENCES OF THE UNITED STATES OF AMERICA,0.745,1.06E-05
PROCEEDINGS OF THE NATIONAL ACADEMY OF SCIENCES OF THE UNITED STATES OF AMERICA,0.765,5.29E-06
PROCEEDINGS OF THE NATIONAL ACADEMY OF SCIENCES OF THE UNITED STATES OF AMERICA,0.775,5.29E-06
PROCEEDINGS OF THE NATIONAL ACADEMY OF SCIENCES OF THE UNITED STATES OF AMERICA,0.795,1.59E-05
PROCEEDINGS OF THE NATIONAL ACADEMY OF SCIENCES OF THE UNITED STATES OF AMERICA,0.805,5.29E-06
PROCEEDINGS OF THE NATIONAL ACADEMY OF SCIENCES OF THE UNITED STATES OF AMERICA,0.915,5.29E-06
BLOOD,0.005,46.96066495
BLOOD,0.015,26.23819992
BLOOD,0.025,11.42029427
BLOOD,0.035,5.594502539
BLOOD,0.045,3.079472303
BLOOD,0.055,1.850998472
BLOOD,0.065,1.206720263
BLOOD,0.075,0.827183521
BLOOD,0.085,0.596387483
BLOOD,0.095,0.432879559
BLOOD,0.105,0.329207644
BLOOD,0.115,0.252850978
BLOOD,0.125,0.195206763
BLOOD,0.135,0.161206539
BLOOD,0.145,0.129507701
BLOOD,0.155,0.106028094
BLOOD,0.165,0.086219745
BLOOD,0.175,0.070027858
BLOOD,0.185,0.060137382
BLOOD,0.195,0.050137316
BLOOD,0.205,0.044000289
BLOOD,0.215,0.03553448
BLOOD,0.225,0.032767339
BLOOD,0.235,0.027808402
BLOOD,0.245,0.023863171
BLOOD,0.255,0.022356311
BLOOD,0.265,0.0181919
BLOOD,0.275,0.015205579
BLOOD,0.285,0.015315169
BLOOD,0.295,0.012822002
BLOOD,0.305,0.011205553
BLOOD,0.315,0.010027463
BLOOD,0.325,0.009369925
BLOOD,0.335,0.007616488
BLOOD,0.345,0.007698681
BLOOD,0.355,0.006356206
BLOOD,0.365,0.005534283
BLOOD,0.375,0.005808257
BLOOD,0.385,0.004575373
BLOOD,0.395,0.003863039
BLOOD,0.405,0.004246603
BLOOD,0.415,0.003123308
BLOOD,0.425,0.002520565
BLOOD,0.435,0.002383577
BLOOD,0.445,0.002109603
BLOOD,0.455,0.001945218
BLOOD,0.465,0.002109603
BLOOD,0.475,0.001506859
BLOOD,0.485,0.001397269
BLOOD,0.495,0.001315077
BLOOD,0.505,0.001205487
BLOOD,0.515,0.000904116
BLOOD,0.525,0.0010685
BLOOD,0.535,0.000849321
BLOOD,0.545,0.000849321
BLOOD,0.555,0.000630141
BLOOD,0.565,0.000575346
BLOOD,0.575,0.000356167
BLOOD,0.585,0.000246577
BLOOD,0.595,0.000328769
BLOOD,0.605,0.000383564
BLOOD,0.615,0.000301372
BLOOD,0.625,0.000328769
BLOOD,0.635,0.000136987
BLOOD,0.645,8.22E-05
BLOOD,0.655,0.000191782
BLOOD,0.665,0.000191782
BLOOD,0.675,0.000136987
BLOOD,0.685,0.00010959
BLOOD,0.695,0.000136987
BLOOD,0.705,0.000191782
BLOOD,0.715,8.22E-05
BLOOD,0.735,0.00010959
BLOOD,0.745,2.74E-05
BLOOD,0.755,8.22E-05
BLOOD,0.775,2.74E-05
BLOOD,0.815,2.74E-05
BLOOD,0.865,2.74E-05
SCIENCE,0.0025,130.4701452
SCIENCE,0.0075,34.53326161
SCIENCE,0.0125,14.67168729
SCIENCE,0.0175,7.055406132
SCIENCE,0.0225,3.948359333
SCIENCE,0.0275,2.455083378
SCIENCE,0.0325,1.552806168
SCIENCE,0.0375,1.1002331
SCIENCE,0.0425,0.758113681
SCIENCE,0.0475,0.581674736
SCIENCE,0.0525,0.466917698
SCIENCE,0.0575,0.372960373
SCIENCE,0.0625,0.278285817
SCIENCE,0.0675,0.21230052
SCIENCE,0.0725,0.167114936
SCIENCE,0.0775,0.162094316
SCIENCE,0.0825,0.126232742
SCIENCE,0.0875,0.101846871
SCIENCE,0.0925,0.093957325
SCIENCE,0.0975,0.076026538
SCIENCE,0.1025,0.076026538
SCIENCE,0.1075,0.058812982
SCIENCE,0.1125,0.060247445
SCIENCE,0.1175,0.049488973
SCIENCE,0.1225,0.049488973
SCIENCE,0.1275,0.040882195
SCIENCE,0.1325,0.034427111
SCIENCE,0.1375,0.028689259
SCIENCE,0.1425,0.017213556
SCIENCE,0.1475,0.028689259
SCIENCE,0.1525,0.015061861
SCIENCE,0.1575,0.020799713
SCIENCE,0.1625,0.021516945
SCIENCE,0.1675,0.020082482
SCIENCE,0.1725,0.01936525
SCIENCE,0.1775,0.024385871
SCIENCE,0.1825,0.011475704
SCIENCE,0.1875,0.01936525
SCIENCE,0.1925,0.015061861
SCIENCE,0.1975,0.011475704
SCIENCE,0.2025,0.010041241
SCIENCE,0.2075,0.009324009
SCIENCE,0.2125,0.013627398
SCIENCE,0.2175,0.006455083
SCIENCE,0.2225,0.007172315
SCIENCE,0.2275,0.00502062
SCIENCE,0.2325,0.010041241
SCIENCE,0.2375,0.009324009
SCIENCE,0.2425,0.008606778
SCIENCE,0.2475,0.011475704
SCIENCE,0.2525,0.007889546
SCIENCE,0.2575,0.003586157
SCIENCE,0.2625,0.003586157
SCIENCE,0.2675,0.00502062
SCIENCE,0.2725,0.003586157
SCIENCE,0.2775,0.00502062
SCIENCE,0.2825,0.005737852
SCIENCE,0.2875,0.007889546
SCIENCE,0.2925,0.004303389
SCIENCE,0.2975,0.000717231
SCIENCE,0.3025,0.002151694
SCIENCE,0.3075,0.001434463
SCIENCE,0.3125,0.002151694
SCIENCE,0.3175,0.004303389
SCIENCE,0.3225,0.001434463
SCIENCE,0.3275,0.004303389
SCIENCE,0.3325,0.002151694
SCIENCE,0.3375,0.002151694
SCIENCE,0.3425,0.001434463
SCIENCE,0.3475,0.002151694
SCIENCE,0.3525,0.002151694
SCIENCE,0.3575,0.000717231
SCIENCE,0.3625,0.002151694
SCIENCE,0.3675,0.001434463
SCIENCE,0.3725,0.004303389
SCIENCE,0.3775,0.003586157
SCIENCE,0.3925,0.001434463
SCIENCE,0.3975,0.002868926
SCIENCE,0.4025,0.001434463
SCIENCE,0.4125,0.000717231
SCIENCE,0.4175,0.000717231
SCIENCE,0.4225,0.000717231
SCIENCE,0.4275,0.001434463
SCIENCE,0.4375,0.000717231
SCIENCE,0.4425,0.002151694
SCIENCE,0.4575,0.002151694
SCIENCE,0.4625,0.000717231
SCIENCE,0.4725,0.000717231
SCIENCE,0.5125,0.000717231
GENETICS,0.005,45.64524879
GENETICS,0.015,23.67326318
GENETICS,0.025,11.67227589
GENETICS,0.035,6.490282638
GENETICS,0.045,3.883731035
GENETICS,0.055,2.4485593
GENETICS,0.065,1.637129348
GENETICS,0.075,1.091162458
GENETICS,0.085,0.7750493
GENETICS,0.095,0.571291937
GENETICS,0.105,0.421655615
GENETICS,0.115,0.322540835
GENETICS,0.125,0.256849975
GENETICS,0.135,0.199000882
GENETICS,0.145,0.160177712
GENETICS,0.155,0.131638826
GENETICS,0.165,0.098472013
GENETICS,0.175,0.082659927
GENETICS,0.185,0.065947967
GENETICS,0.195,0.061062932
GENETICS,0.205,0.048593239
GENETICS,0.215,0.036252099
GENETICS,0.225,0.031109957
GENETICS,0.235,0.026610583
GENETICS,0.245,0.021082781
GENETICS,0.255,0.021468441
GENETICS,0.265,0.015297871
GENETICS,0.275,0.012084033
GENETICS,0.285,0.011055605
GENETICS,0.295,0.013241015
GENETICS,0.305,0.010027176
GENETICS,0.315,0.005399249
GENETICS,0.325,0.005784909
GENETICS,0.335,0.006941891
GENETICS,0.345,0.005270695
GENETICS,0.355,0.00437082
GENETICS,0.365,0.004499374
GENETICS,0.375,0.004113713
GENETICS,0.385,0.002699624
GENETICS,0.395,0.002828178
GENETICS,0.405,0.002699624
GENETICS,0.415,0.002571071
GENETICS,0.425,0.001928303
GENETICS,0.435,0.001414089
GENETICS,0.445,0.001414089
GENETICS,0.455,0.00179975
GENETICS,0.465,0.000642768
GENETICS,0.475,0.000642768
GENETICS,0.485,0.000771321
GENETICS,0.495,0.001671196
GENETICS,0.505,0.000642768
GENETICS,0.515,0.000642768
GENETICS,0.525,0.001028428
GENETICS,0.535,0.000514214
GENETICS,0.545,0.000642768
GENETICS,0.565,0.000257107
GENETICS,0.575,0.000385661
GENETICS,0.585,0.000514214
GENETICS,0.595,0.000128554
GENETICS,0.615,0.000128554
GENETICS,0.625,0.000257107
GENETICS,0.635,0.000257107
GENETICS,0.645,0.000128554
GENETICS,0.655,0.000257107
GENETICS,0.665,0.000385661
GENETICS,0.705,0.000385661
GENETICS,0.725,0.000257107
GENETICS,0.745,0.000385661
GENETICS,0.755,0.000128554
GENETICS,0.775,0.000128554
GENETICS,0.785,0.000128554
GENETICS,0.795,0.000128554
